Ticker,Name,AUM,NAV,Div Yield (TTM),Sortino ratio,Total Return (1Y),Total Return (6M),Total Return (3M),Total Return (1M),Total Return (1W),Total Return (1D),Total Return (5Y),Volatility (1M),Volatility (3M),Volatility (6M),Volatility (1Y),Distribution Freq,Stock correlation,Total Return (MTD),Downside deviation,Fund Flows/Periodic (M),Fund Flows/Periodic (FQ),Fund Flows/Periodic (Y),Fund Flows/Periodic (W),Fund Flows/Periodic (D),Inception Date,Last Price,Classification,Class,Peer Benchmark,Description,Upside Capture Ratio (1Y),Downside Capture Ratio (1Y)
SBIL,Simplify Exchange Traded Funds - Simplify Government Money Market ETF,5002.04,100.0208,0.0356,,,0.0175,0.0090,0.0033,0.0007,0.0002,,0.16,0.26,0.26,0.27,Monthly,0.3113,0.0025,0.0000,36.13,289.33,4993.76,96.24,30.09,Jul-14-2025,100.0400,US Money Market,Fixed Income/U.S. Government/Treasury,,"Simplify Exchange Traded Funds - Simplify Government Money Market ETF is an exchange traded fund launched and managed by Simplify Asset Management Inc. The fund invests in fixed income markets of the United States. It invests in U.S. Government securities its agencies or instrumentalities and cash. The fund invests in securities maturing in 397 days or less. Simplify Exchange Traded Funds - Simplify Government Money Market ETF was formed on July 142025 and is domiciled in the United States.",,
MTBA,Simplify MBS ETF,1546.95,49.1876,0.0606,0.07,0.0433,0.0040,0.0180,0.0084,0.0039,-0.0004,,3.60,3.94,3.81,3.16,Monthly,0.3878,0.0049,0.0244,-33.12,-143.61,100.41,-2.45,2.47,Nov-06-2023,49.1800,US Fixed Income,Fixed Income/U.S. Government/Agency MBS,US Fund Intermediate Government,"Simplify Exchange Traded Funds - Simplify MBS ETF is an exchange traded fund launched and managed by Simplify Asset Management Inc. It invests in fixed income markets of the United States. The fund invests directly and through derivatives in mortgage-backed securities of maturities from 3 to 10 years. It uses derivatives such as swaps options forwards and futures to create its portfolio. The fund seeks to benchmark the performance of its portfolio against the Bloomberg U.S. Aggregate Bond Index and the Bloomberg U.S. Mortgage Backed Securities Index. Simplify Exchange Traded Funds - Simplify MBS ETF was formed on November 6 2023 and is domiciled in the United States.",0.9164,0.6961
CTA,Simplify Managed Futures ETF,1518.67,26.2179,0.0513,0.58,0.0150,-0.0379,-0.1046,-0.1270,-0.0423,-0.0133,,17.74,29.31,25.39,20.55,Monthly,-0.2954,-0.0980,0.1052,118.66,232.39,530.04,96.41,-2.63,Mar-07-2022,25.9200,Alternative Miscellaneous,Multi Asset/Absolute Returns/Long/Short,US Fund Managed Futures,"Simplify Exchange Traded Funds - Simplify Managed Futures Strategy ETF is an exchange traded fund launched and managed by Simplify Asset Management Inc. It is co-managed by Altis Partners Limited. The fund invests in public equity fixed income and commodity markets of the United States. For its equity portion it takes long/short positions to invest through derivatives such as futures contracts to invest in stocks of companies operating across diversified sectors. For its fixed income portion the fund invests in U.S. Treasury securities or other high credit quality short-term fixed-income or similar securities. For its commodity portion it invests through a wholly owned Cayman Islands subsidiary. Simplify Exchange Traded Funds - Simplify Managed Futures Strategy ETF was formed in March 7 2022 and is domiciled in the United States.",0.3009,-0.1517
TUA,Simplify Short Term Treasury ETF,748.03,20.4941,0.0331,-0.79,-0.0372,-0.0495,0.0029,0.0005,0.0123,0.0044,,9.10,8.06,7.64,7.13,Monthly,0.2271,-0.0036,0.0709,-4.89,19.25,115.84,36.24,12.82,Nov-14-2022,20.5700,US Fixed Income,Fixed Income/U.S. Government/Treasury,US Fund Long Government,"Simplify Exchange Traded Funds - Simplify Short Term Treasury Futures Strategy ETF is an exchange traded fund launched and managed by Simplify Asset Management Inc. It invests in fixed income markets of United States. It invests through derivatives and through other funds to create its portfolio. It uses derivatives such as futures and options to create its portfolio. The fund invests primarily in U.S. Government securities such as bills notes and bonds issued by the U.S. Treasury or fixed income ETFs that invest in U.S. Treasuries. The fund seeks to benchmark the performance of its portfolio against the Bloomberg U.S. Aggregate Bond Index and the ICE US Treasury 7-10 Year Bond Index. Simplify Exchange Traded Funds - Simplify Short Term Treasury Futures Strategy ETF was formed on November 14 2022 and is domiciled in the United States.",0.6341,2.8384
SVOL,Simplify Volatility ETF,532.00,15.7981,0.2243,0.34,0.0996,-0.0123,0.0809,0.0024,-0.0137,-0.0032,0.3425,14.60,11.09,14.88,20.33,Monthly,0.7538,-0.0045,0.0932,-22.03,-60.26,-284.22,0.00,0.00,May-12-2021,15.6900,Equity Miscellaneous,Equity/Size and Style/Large Cap,US Fund Derivative Income,"Simplify Exchange Traded Funds - Simplify Volatility Premium ETF is an exchange traded fund launched and managed by Simplify Asset Management Inc. It invests in public equity and fixed income markets of the United States. For its equity portion the fund invests directly and through derivatives in stocks of companies operating across diversified sectors. It employs short strategy and uses derivatives such as futures and options to create its portfolio. It invests in growth and value stocks of companies across diversified market capitalization. For its fixed income portion the fund invests in high-quality short term debt securities. It seeks to benchmark the performance of its portfolio against the S&P 500 Total Return Index. Simplify Exchange Traded Funds - Simplify Volatility Premium ETF was formed on May 12 2021 and is domiciled in the United States.",0.6447,1.5309
AGGH,Simplify Aggregate Bond ETF → Simplify Bond ETF,513.84,20.2100,0.0746,-0.42,0.0635,0.0074,0.0209,0.0079,0.0042,-0.0002,,4.92,5.08,5.03,6.86,Monthly,0.4401,0.0044,0.0485,23.75,85.00,194.42,2.54,2.54,Feb-14-2022,20.2300,US Fixed Income,Fixed Income/Broad Debt/Investment Grade,US Fund Intermediate-Term Bond,"Simplify Exchange Traded Funds - Simplify Aggregate Bond ETF is an exchange traded fund launched and managed by Simplify Asset Management Inc. The fund invests in the fixed income markets of the United States. The fund invests through other funds and through derivatives such as swaps and options in the securities. It primarily invests in investment grade bonds. The fund seeks to benchmark the performance of its portfolio against the Bloomberg U.S. Aggregate Bond Index. Simplify Exchange Traded Funds - Simplify Aggregate Bond ETF was formed on February 14 2022 and is domiciled in the United States.",1.6668,1.4557
BUCK,Simplify Treasury Income ETF,470.70,23.3599,0.0731,0.24,0.0614,0.0225,0.0102,0.0023,-0.0002,0.0006,,1.33,1.83,1.98,3.03,Monthly,0.2114,0.0036,0.0187,37.53,64.59,135.30,8.80,4.11,Oct-27-2022,23.3950,US Fixed Income,Fixed Income/Strategy/Treasury,US Fund Ultrashort Bond,"Simplify Exchange Traded Funds - Simplify Treasury Option Income ETF is an exchange traded fund launched and managed by Simplify Asset Management Inc. It invests fixed income markets of United States. The fund invests directly through derivatives and through other funds in interest income producing U.S. Treasury securities such as bills notes and bonds U.S. Treasury Inflation-Protected Securities and fixed income ETFs that invest primarily in U.S. Treasuries. It uses derivatives such as options to create its portfolio. The fund seeks to benchmark the performance of its portfolio against the Bloomberg U.S. Aggregate Bond Index. Simplify Exchange Traded Funds - Simplify Treasury Option Income ETF was formed on October 27 2022 and is domiciled in the United States.",0.8358,-0.3673
CDX,Simplify High Yield Credit ETF,398.43,21.1367,0.0827,-0.02,-0.0218,-0.0175,0.0107,-0.0014,-0.0040,-0.0026,,5.37,6.86,6.99,5.87,Monthly,0.6446,0.0009,0.0494,-11.66,-59.25,197.64,2.12,0.00,Feb-14-2022,21.0300,US Fixed Income,Fixed Income/Broad Debt/High Yield,US Fund High Yield Bond,"Simplify Exchange Traded Funds - Simplify High Yield ETF is an exchange traded fund launched and managed by Simplify Asset Management Inc. The fund invests in fixed income markets. It invests through derivatives and through other funds in high yield bonds that are rated below Baa3 by Moody's or below BBB- by S&P. It uses derivatives such as options swaps to create its portfolio. The fund invests in securities with varying maturities. The fund seeks to benchmark the performance of its portfolio against the Bloomberg U.S. Aggregate Bond Index and the ICE BofA US High Yield Index. Simplify Exchange Traded Funds - Simplify High Yield ETF was formed on February 14 2022 and is domiciled in the United States.",0.2433,1.4704
SBAR,Simplify Exchange Traded Funds - Simplify Barrier Income ETF,389.91,25.3191,0.1271,2.69,0.0786,0.0205,0.0588,0.0039,-0.0047,-0.0075,,9.34,8.65,8.29,8.64,Monthly,0.8095,-0.0002,0.0334,44.30,119.62,361.59,11.47,11.47,Apr-14-2025,25.2500,Equity Miscellaneous,Fixed Income/Strategy/Treasury,US Fund Derivative Income,"Simplify Exchange Traded Funds - Simplify Barrier Income ETF is an exchange traded fund launched and managed by Simplify Asset Management Inc. The fund invests in public equity and fixed income markets of global region. For its equity portion it invests directly through derivatives and through other funds in stocks of companies operating across consumer discretionary communication services consumer staples energy health care industrials information technology materials real estate and utilities sectors. The fund uses derivatives such as options swaps and forwards to create its portfolio. It invests in growth and value stocks of companies across diversified market capitalization. For its fixed income portion it invests directly through derivatives and through other funds in U.S. Government securities such as bills notes and bonds issued by the U.S. Treasury cash and cash-like instruments or high-quality short term fixed income securities with an average portfolio duration of two years or less. Simplify Exchange Traded Funds - Simplify Barrier Income ETF was formed on April 14 2025 and is domiciled in the United States.",0.5423,0.7149
FOXY,Simplify Exchange Traded Funds - Simplify Currency Strategy ETF,361.89,29.5419,0.0758,2.66,0.2218,0.1322,0.0199,0.0296,0.0187,0.0020,,9.53,11.01,10.11,9.85,Quarterly,-0.1604,0.0268,0.0577,44.32,240.35,340.61,35.62,35.62,Feb-03-2025,29.6700,Currency,Currency/Strategy/Long/Short,US Fund Single Currency,"Simplify Exchange Traded Funds - Simplify Currency Strategy ETF s an exchange traded fund launched and managed by Simplify Asset Management Inc. The fund invests in the currency markets. The fund invests through derivatives to create its portfolio. It employs long/short strategy and uses derivatives such as forwards to create its portfolio. The fund seeks to track the price of the G-10 currencies relative to U.S. dollar. The fund employs proprietary research to create its portfolio. Simplify Exchange Traded Funds - Simplify Currency Strategy ETF  is formed on February 3 2024 and domiciled in the United States.",5.1058,
PINK,Simplify Health ETF,351.27,38.3897,0.0064,0.47,0.3135,0.0585,0.1906,0.0518,0.0617,0.0203,,19.35,19.65,19.80,18.56,Quarterly,0.6760,0.0300,0.1033,82.51,79.01,166.08,8.39,2.86,Oct-07-2021,39.1800,Healthcare Sector Equity,Equity/Sector/Health Care,US Fund Health,"Simplify Exchange Traded Funds - Simplify Health Care ETF is an exchange traded fund launched and managed by Simplify Asset Management Inc. The fund invests in public equity markets of the United States. It invests directly and through other funds in stocks of companies operating across health care sectors. The fund invests in growth stocks of companies across diversified market capitalization. It employs fundamental analysis with bottom-up stock picking approach to create its portfolio. It seeks to benchmark the performance of its portfolio against the S&P 500 Total Return Index and the MSCI USA IMI/Health Care Net (USD) Index. Simplify Exchange Traded Funds - Simplify Health Care ETF was formed on October 7 2021 and is domiciled in the United States.",0.7491,-0.6800
HEQT,Simplify Hedged Equity ETF,312.53,33.0721,0.0120,1.10,0.1269,0.0415,0.0743,0.0021,-0.0033,0.0063,,7.45,7.41,7.86,6.70,Quarterly,0.9448,-0.0012,0.0474,-6.71,-22.48,-48.56,0.00,0.00,Nov-01-2021,33.3300,Options Trading,Equity/Size and Style/Large Cap,US Fund Options Trading,"Simplify Exchange Traded Funds - Simplify Hedged Equity ETF is an exchange traded fund launched and managed by Simplify Asset Management Inc. The fund invests in public equity markets of the United States. It invests through other funds and through derivatives in stocks of companies operating across diversified sectors. The fund uses derivatives such as options to create its portfolio. It invests in growth and value stocks of large-cap companies. It seeks to benchmark the performance of its portfolio against the S&P 500 Index and the Bloomberg US EQ:FI 60:40 Index. Simplify Exchange Traded Funds - Simplify Hedged Equity ETF was formed on November 1 2021 and is domiciled in the United States.",0.5167,0.4551
PFIX,Simplify Interest Hedge ETF,192.25,42.7225,0.1108,0.55,-0.1295,-0.0879,-0.1241,-0.1364,-0.0214,0.0153,1.1633,26.52,27.29,31.19,29.45,Monthly,-0.5519,-0.0823,0.2140,3.26,44.09,81.86,-6.69,0.00,May-10-2021,42.4900,Trading Tools,Fixed Income/Broad Debt/Strategy,US Fund Trading--Inverse Debt,"Simplify Exchange Traded Funds - Simplify Interest Rate Hedge ETF is an exchange traded fund launched and managed by Simplify Asset Management Inc. It invests in fixed income markets of the United States. The fund invests directly and through derivatives in U.S. treasuries U.S. Treasury Inflation-Protected Securities and investment grade bonds of varying maturities. It uses derivatives such as swaps options and futures to create its portfolio. It seeks to benchmark the performance of its portfolio against the Bloomberg U.S. Aggregate Bond Index and the ICE US Treasury 20+ Year Bond Index. Simplify Exchange Traded Funds - Simplify Interest Rate Hedge ETF was formed on May 10 2021 and is domiciled in the United States.",-5.0078,-11.5400
CTAP,Simplify Exchange Traded Funds - Simplify US Equity PLUS Managed Futures Strategy ETF,162.58,26.2220,0.0196,3.52,,-0.0125,-0.0056,-0.1628,-0.0738,-0.0248,,25.14,27.33,25.45,24.71,Quarterly,0.6251,-0.1410,0.1255,11.34,46.83,170.74,0.00,0.00,Dec-08-2025,25.5100,US Equity Large Cap Blend,Multi Asset/Strategy/Asset Allocation,US Fund Large Blend,"Simplify Exchange Traded Funds - Simplify US Equity PLUS Managed Futures Strategy ETF is an exchange traded fund launched and managed by Simplify Asset Management Inc. It invests in public equity fixed income markets commodity and currency markets of the United States. For its equity portion it invests directly through derivatives and through other funds in stocks of companies operating across diversified sectors. The fund employs long/short position and uses derivatives such as futures and swaps to create its portfolio. It invests in growth and value stocks of large-cap companies. For its fixed income portion it invests directly in cash and cash-like instruments or high-quality short term fixed income securities. For its commodity portion it invests through derivatives in commodity markets. For its currency portion it invests through derivatives in currency markets. Simplify Exchange Traded Funds - Simplify US Equity PLUS Managed Futures Strategy ETF was formed on December 8 2025 and is domiciled in the United States.",,
KNRG,Simplify Exchange Traded Funds - Simplify Kayne Anderson Energy and Infrastructure Credit ETF,150.21,25.6769,0.0693,3.31,0.0815,0.0264,0.0319,0.0041,-0.0006,-0.0000,,2.04,3.09,3.13,3.13,Monthly,0.7606,0.0021,0.0183,6.45,7.09,143.34,1.29,0.00,May-27-2025,25.6949,Fixed Income Miscellaneous,Fixed Income/Sector/Multisector,US Fund Nontraditional Bond,"Simplify Exchange Traded Funds - Kayne Anderson Energy and Infrastructure Credit ETF is an exchange traded fund launched and managed by Simplify Asset Management Inc. The fund is co managed by Kayne Anderson Capital Advisors L.P. The fund invests in the fixed income instrument issued by energy and infrastructure companies. The fund invests through other funds and through derivatives  in the securities. It primarily invests in investment grade bonds. Simplify Exchange Traded Funds - Kayne Anderson Energy and Infrastructure Credit ETF was formed on May 27 2025 and is domiciled in the United States.",1.4529,0.3524
SPYC,Simplify US Equity PLUS ETF,109.62,44.7439,0.0090,0.96,0.1171,0.0293,0.1384,-0.0215,-0.0256,-0.0031,0.5561,18.09,16.15,15.16,15.77,Quarterly,0.9251,-0.0303,0.1027,-2.30,7.60,17.02,0.00,0.00,Sep-03-2020,44.6065,US Equity Large Cap Blend,Equity/Size and Style/Large Cap,US Fund Large Blend,"Simplify Exchange Traded Funds - Simplify US Equity PLUS Convexity ETF is an exchange traded fund launched and managed by Simplify Asset Management Inc. It invests in public equity markets of the United States. It invests directly through derivatives and through other funds in stocks of companies operating across diversified sectors. The fund uses derivatives such as options to create its portfolio. It invests in growth and value stocks of companies across diversified market capitalization. It seeks to benchmark the performance of its portfolio against the S&P 500 TR Index. Simplify Exchange Traded Funds - Simplify US Equity PLUS Convexity ETF was formed on September 3 2020 and is domiciled in the United States.",0.7876,1.3709
SPD,Simplify US Equity PLUS ETF,105.11,40.8184,0.0098,0.98,0.1028,0.0265,0.1243,-0.0186,-0.0216,0.0001,0.4445,15.25,13.80,13.20,13.48,Quarterly,0.8330,-0.0261,0.0823,0.00,-7.79,10.04,0.00,0.00,Sep-03-2020,40.7242,US Equity Large Cap Blend,Equity/Size and Style/Large Cap,US Fund Large Blend,"Simplify Exchange Traded Funds - Simplify US Equity PLUS Downside Convexity ETF is an exchange traded fund launched and managed by Simplify Asset Management Inc. The fund invests in public equity markets of the United States. The fund invests directly through derivatives and through other funds in stocks of companies operating across diversified sectors. The fund uses derivatives such as options to create its portfolio. The fund invests in growth and value stocks of companies across diversified market capitalization. It seeks to benchmark the performance of its portfolio against the S&P 500 Total Return Index. Simplify Exchange Traded Funds - Simplify US Equity PLUS Downside Convexity ETF was formed on September 3 2020 and is domiciled in the United States.",0.7019,1.3211
CCOM,Simplify Exchange Traded Funds - Simplify Chinese Commodities Strategy No K-1 ETF,101.17,23.9464,0.0126,-1.80,,,-0.0340,-0.0228,-0.0089,0.0025,,13.20,10.69,13.33,13.33,Quarterly,-0.3022,-0.0134,0.0460,0.00,0.00,78.35,0.00,0.00,Jan-26-2026,23.9001,Commodities Broad Basket,Commodities/Strategy/Broad Commodities,US Fund Commodities Broad Basket,"Simplify Exchange Traded Funds - Simplify Chinese Commodities Strategy No K-1 ETF is an exchange traded fund launched and managed by Simplify Asset Management Inc. The fund is co-managed by Altis Partners Limited. It invests in fixed income and commodity markets of China. For its fixed income portion it primarily invests in short-term treasury securities or other high credit quality fixed-income securities. For its commodity portion it invests through derivatives in Chinese commodities such as energy grains industrial inputs and metals. The fund uses derivatives such as futures and swaps to create its portfolio. The fund seeks to invest in Chinese commodity futures contracts through its wholly owned Cayman Islands subsidiary. Simplify Exchange Traded Funds - Simplify Chinese Commodities Strategy No K-1 ETF was formed on January 26 2026 and is domiciled in the United States.",,
SPUC,Simplify US Equity PLUS ETF,90.53,48.2818,0.1066,1.11,0.2151,0.0475,0.1260,-0.0201,-0.0213,-0.0029,0.8387,16.10,14.83,15.62,16.92,Quarterly,0.9636,-0.0284,0.1198,-2.44,-18.64,-37.72,-2.44,0.00,Sep-03-2020,48.0000,US Equity Large Cap Blend,Equity/Size and Style/Large Cap,US Fund Large Blend,"Simplify Exchange Traded Funds - Simplify US Equity PLUS Upside Convexity ETF is an exchange traded fund launched and managed by Simplify Asset Management Inc. The fund invests in public equity markets of the United States. The fund invests directly through derivatives and through other funds in stocks of companies operating across diversified sectors. The fund uses derivatives such as options to create its portfolio. The fund invests in growth and value stocks of companies across diversified market capitalization. It seeks to benchmark the performance of its portfolio against the S&P 500 Index. Simplify Exchange Traded Funds - Simplify US Equity PLUS Upside Convexity ETF was formed on September 3 2020 and is domiciled in the United States.",1.0971,1.2096
HARD,Simplify Commodities ETF,83.30,30.0173,0.0405,0.77,0.0935,-0.0163,-0.1221,-0.1182,-0.0356,-0.0094,,16.40,32.95,30.59,26.27,Quarterly,-0.1311,-0.0928,0.1001,-10.71,-2.86,54.16,-8.48,0.00,Mar-27-2023,29.6100,Commodities Broad Basket,Commodities/Broad Commodities/Broad Commodities,US Fund Commodities Broad Basket,"Simplify Exchange Traded Funds - Simplify Commodities Strategy No K-1 ETF is an exchange traded fund launched and managed by Simplify Asset Management Inc. The fund is co-managed by Altis Partners Limited. The funds invest in commodity and fixed income markets. For its commodity portion it invests in commodity futures contracts through wholly-owned subsidiary of the Fund organized under the laws of the Cayman Islands. For its fixed income portion it invests in short-term U.S. Treasury securities or other high credit quality short-term fixed-income securities. Simplify Exchange Traded Funds - Simplify Commodities Strategy No K-1 ETF was formed on March 27 2023 and is domiciled in the United States.",0.8929,2.8956
SURI,Simplify Propel ETF,72.29,16.8514,0.1568,0.10,0.3268,0.1373,0.1525,0.0281,0.0613,0.0276,,22.60,21.92,20.61,22.72,Quarterly,0.4607,0.0206,0.1940,0.00,-2.59,-1.85,0.00,0.00,Feb-07-2023,17.3500,Healthcare Sector Equity,Multi Asset/Sector/Health Care,US Fund Health,"Simplify Exchange Traded Funds - Simplify Propel Opportunities ETF is an exchange traded fund launched and managed by Simplify Asset Management Inc. It is co-managed by Propel Bio Management LLC. It invests in public equity and fixed income markets of global region. For its equity portion the fund invests directly through other funds and through derivatives in stocks of companies operating across health care health care equipment and services health care technology pharmaceuticals biotechnology and life sciences sectors. It invests in value stocks of companies across diversified market capitalization. For its fixed income portion it invests in convertible bonds structured notes corporate notes and bonds and other debt instruments of varying maturities and credit quality. It employs fundamental analysis with bottom-up securities picking approach to create its portfolio. It seeks to benchmark the performance of its portfolio against the S&P 500 Index and the MSCI USA IMI Health Care Net Total Return USD Index. Simplify Exchange Traded Funds - Simplify Propel Opportunities ETF was formed on February 7 2023 and is domiciled in the United States.",1.1080,0.1853
HIGH,Simplify Enhanced Income ETF can be simplified to: **Simplify Income ETF**.,70.61,21.5607,0.0712,-0.26,-0.0355,-0.0176,0.0216,-0.0014,-0.0055,-0.0005,,6.46,5.30,5.33,8.72,Monthly,0.1870,-0.0051,0.0336,-6.50,-18.87,-99.18,-1.08,-1.08,Oct-27-2022,21.4900,US Fixed Income,Fixed Income/Strategy/Treasury,US Fund Short-Term Bond,"Simplify Exchange Traded Funds - Simplify Enhanced Income ETF is an exchange traded fund launched and managed by Simplify Asset Management Inc. It invests in equity and fixed income markets of the United States. The fund invests directly through other funds and through derivatives in securities of companies operating across diversified sectors. The fund uses derivatives such as options to create its portfolio. For its equity portion it invests in growth and value stocks of companies across diversified market capitalization. For its fixed income portion it invests in U.S. Treasury securities such as bills notes and bonds. The fund seeks to benchmark the performance of its portfolio against Bloomberg U.S. Aggregate Bond Indexthe Capital U.S. Corporate High Yield Index and the ICE BofA 3 Month US Treasury Bill Index. Simplify Exchange Traded Funds - Simplify Enhanced Income ETF was formed on October 27 2022 and is domiciled in the United States.",0.5545,3.0709
TYA,Simplify Intermediate Treasury ETF,66.60,12.8692,0.0363,-0.89,-0.0035,-0.0357,0.0204,0.0229,0.0208,0.0062,,12.83,13.22,13.18,12.79,Monthly,0.4959,0.0149,0.1546,-6.08,1.93,-82.28,0.00,0.00,Sep-27-2021,12.9500,US Fixed Income,Multi Asset/Asset Allocation/Target Outcome,US Fund Long Government,"Simplify Exchange Traded Funds - Simplify Intermediate Term Treasury Futures Strategy ETF is an exchange traded fund launched and managed by Simplify Asset Management Inc. The fund invests in fixed income markets of the United States. The fund invests through derivatives and through other funds in U.S. treasury securities and U.S. government securities such as bills notes and bonds issued by the U.S. treasury. It uses derivatives such as futures options to create its portfolio. The fund seeks to benchmark the performance of its portfolio against the Bloomberg U.S. Aggregate Bond Index and the ICE US Treasury 20+ Year Bond Index. Simplify Exchange Traded Funds - Simplify Intermediate Term Treasury Futures Strategy ETF was formed on September 27 2021 and is domiciled in the United States.",1.8976,5.3747
XV,Simplify Exchange Traded Funds - Simplify Target 15 Distribution ETF,62.17,24.3811,0.2057,3.22,0.1048,0.0228,0.0671,-0.0004,-0.0151,-0.0086,,10.88,8.74,8.94,9.01,Monthly,0.8418,-0.0029,0.0365,3.68,1.32,19.78,0.00,0.00,Apr-14-2025,24.2500,Equity Miscellaneous,Fixed Income/Strategy/Treasury,US Fund Derivative Income,"Simplify Exchange Traded Funds - Simplify Target 15 Distribution ETF is an exchange traded fund launched and managed by Simplify Asset Management Inc. The fund invests in public equity and fixed income markets of global region. For its equity portion it invests directly through derivatives and through other funds in stocks of companies operating across communication services consumer discretionary consumer staples energy health care industrials information technology materials real estate and utilities sectors. The fund uses derivatives such as options swaps and forwards to create its portfolio. It invests in growth and value stocks of companies across diversified market capitalization. For its fixed income portion it invests directly through derivatives and through other funds in U.S. Government securities such as bills notes and bonds issued by the U.S. Treasury cash and cash-like instruments or high-quality short term fixed income securities with an average portfolio duration of two years or less. Simplify Exchange Traded Funds - Simplify Target 15 Distribution ETF was formed on April 142025 and is domiciled in the United States.",0.6086,0.7361
RFIX,Simplify Exchange Traded Funds - Simplify Downside Interest Rate Hedge Strategy ETF,55.88,39.9154,0.0444,-1.32,-0.1665,0.0480,-0.0753,0.0090,-0.0303,-0.0127,,31.73,26.38,29.46,30.19,Quarterly,-0.1230,0.0174,0.1533,0.00,-1.00,-66.88,0.00,0.00,Dec-09-2024,39.0000,US Fixed Income,Fixed Income/Broad Debt/Strategy,US Fund Long Government,"Simplify Exchange Traded Funds - Simplify Bond Bull ETF is an exchange traded fund launched and managed by Simplify Asset Management Inc. The fund invests in the fixed income markets of the United States. The fund invests directly through other funds and through derivatives such as swaps futures and options to create its portfolio. It invests in U.S. Treasury securities U.S. Treasury Inflation-Protected Securities (“TIPS”) and investment grade bonds. Simplify Exchange Traded Funds - Simplify Bond Bull ETF was formed on Dec 9 2024 and is domiciled in the United States",0.2318,9.2845
NMB,Simplify Muni Bond ETF,48.51,24.8762,0.0511,-0.09,0.0605,0.0182,0.0483,0.0182,-0.0008,-0.0004,,5.05,5.59,6.33,7.91,Quarterly,0.4630,0.0124,0.0676,0.00,1.83,-24.74,0.00,0.00,Sep-09-2024,24.8400,US Municipal Fixed Income,Fixed Income/Municipals/Investment Grade,US Fund Muni National Interm,"Simplify Exchange Traded Funds - Simplify National Muni Bond ETF is an exchange traded fund launched and managed by Simplify Asset Management Inc. The fund is co-managed by FCO Advisors LP. The fund invests in equity fixed income and currency markets of the United States. For its equity portion the fund invests through derivatives in stocks of companies operating across diversified sectors. It uses derivatives such as options to create its portfolio. It invests in growth and value stocks of companies across diversified market capitalization. For its fixed income portion the fund invests directly and through derivatives in investment grade municipal bonds with an average duration of ten or more years. It uses derivatives such as options to create its portfolio. For its currency portion the fund invests through derivatives in currency markets. It uses derivatives such as options to create its portfolio. Simplify Exchange Traded Funds - Simplify National Muni Bond ETF was formed on September 9 2024 and is domiciled in the United States.",1.3233,2.5302
XXV,Simplify Exchange Traded Funds - Simplify Ancorato Target 25 Distribution ETF,44.61,22.8794,0.1537,2.33,,0.0262,0.0839,-0.0026,-0.0230,0.0159,,15.95,13.52,12.80,12.92,Monthly,0.8393,-0.0241,0.0565,-3.01,-6.46,51.30,1.19,0.00,Nov-17-2025,23.1630,Equity Miscellaneous,Equity/Broad Equity/Strategy,US Fund Derivative Income,"Simplify Exchange Traded Funds - Simplify Ancorato Target 25 Distribution ETF is an exchange traded fund launched and managed by Simplify Asset Management Inc. The fund is co-managed by Legacy Investment Solutions LLC. The fund invests in public equity and fixed income markets of the United States. For its equity portion it invests directly and through derivatives in stocks of companies operating across diversified sectors. The fund uses derivatives such as options swaps and forwards to create its portfolio. It invests in growth and value stocks of companies across diversified market capitalization. For its fixed income portion it invests directly through derivatives and through other funds in U.S. Government securities such as bills notes and bonds issued by the U.S. Treasury cash and cash-like instruments or high-quality short term fixed income securities with an average portfolio duration of two years or less. Simplify Exchange Traded Funds - Simplify Ancorato Target 25 Distribution ETF was formed on November 17 2025 and is domiciled in the United States.",,
SPBC,Simplify US Equity + Bitcoin ETF,42.88,46.3600,0.0086,1.06,0.1408,0.0299,0.1264,-0.0403,-0.0240,0.0020,1.0273,17.00,16.73,16.67,14.93,Quarterly,0.9516,-0.0446,0.1179,-0.04,-3.35,-40.15,1.16,1.16,May-24-2021,46.3939,Alternative Miscellaneous,Multi Asset/Asset Allocation/Target Outcome,US Fund Digital Assets,"Simplify Exchange Traded Funds - Simplify US Equity PLUS Bitcoin Strategy ETF is an exchange traded fund launched and managed by Simplify Asset Management Inc. It invests in public equity and currency markets of the United States. For its equity portion the fund invests directly through derivatives and through other funds in stocks of companies operating across diversified sectors. It uses derivatives such as futures to create its portfolio. It invests in growth and value stocks of companies across diversified market capitalization. For its currency portion the fund invests through derivatives and through other funds in Bitcoin. It seeks to benchmark the performance of its portfolio against the S&P 500 Index. Simplify Exchange Traded Funds - Simplify US Equity PLUS Bitcoin Strategy ETF was formed on May 24 2021 and is domiciled in the United States.",5.6134,
GAEM,Simplify Gamma EM Bond ETF,41.30,27.0795,0.0576,2.82,0.1242,0.0471,0.0642,0.0245,0.0040,0.0043,,4.69,5.62,5.51,4.92,Quarterly,0.7904,0.0182,0.0223,-0.67,2.07,28.13,0.00,0.00,Aug-12-2024,27.0649,Emerging Markets Fixed Income,Fixed Income/Broad Debt/Broad Market,US Fund Emerging Markets Bond,"Simplify Exchange Traded Funds - Simplify Gamma Emerging Market Bond ETF is an exchange traded fund launched and managed by Simplify Asset Management Inc. The fund is co-managed by Gamma Asset Management LLC. It invests in fixed income markets of global emerging region. The fund primarily invests in fixed income securities issued by corporate issuers with varying maturities. It employs fundamental analysis with bottom-up and top-down security picking approach to create its portfolio. Simplify Exchange Traded Funds - Simplify Gamma Emerging Market Bond ETF was formed on August 12 2024 and is domiciled in the United States.",1.7156,0.3537
NXTI,Simplify Next Intangible ETF,40.11,34.1389,0.0056,2.27,0.1274,0.0354,0.1554,0.0156,-0.0033,0.0022,,18.18,15.45,17.04,14.98,Quarterly,0.7956,-0.0146,0.0676,-0.01,0.01,35.14,0.00,0.00,Apr-15-2024,34.1928,US Equity Large Cap Blend,Equity/Size and Style/Large Cap,US Fund Large Blend,"Simplify Exchange Traded Funds - Simplify Next Intangible Core Index ETF is an exchange traded fund launched and managed by Simplify Asset Management Inc. The fund invests in public equity markets of the United States. The fund invests in stocks of companies operating across diversified sectors. It invests in growth and value stocks of companies across diversified market capitalization. The fund seeks to track the performance of the Next Intangible Core Index using full replication technique. Simplify Exchange Traded Funds - Simplify Next Intangible Core Index ETF was formed on April 15 2024 and is domiciled in the United States.",0.6898,0.8734
QIS,Simplify Multi-QIS ETF,38.73,10.0589,0.0205,-1.39,-0.5364,-0.3562,-0.1919,-0.2246,-0.0776,-0.0269,,39.59,49.87,43.25,38.56,None,0.3379,-0.1461,0.1843,-0.25,-0.89,-11.04,0.00,0.00,Jul-10-2023,9.7566,Multialternative,Multi Asset/Asset Allocation/Absolute Returns,US Fund Multistrategy,"Simplify Exchange Traded Funds - Simplify Multi-QIS Alternative ETF is an exchange traded fund launched and managed by Simplify Asset Management Inc. The fund invests in public equity fixed income currency and commodity markets of the United States. For its equity portion the fund invests through derivatives in stocks of companies operating across diversified sectors. It invests in and less volatile stocks of companies across diversified market capitalization. For its fixed income portion it invests through derivatives in high yield bonds. For its commodity portion it invests through derivatives in commodities. The fund uses derivatives such as swaps to create its portfolio. The fund employs quantitative analysis to create its portfolio. Simplify Exchange Traded Funds - Simplify Multi-QIS Alternative ETF was formed on July 10 2023 and is domiciled in the United States.",-1.0426,3.4006
YGLD,Simplify Exchange Traded Funds - Simplify Gold Strategy PLUS Income ETF,37.20,31.6606,0.2407,2.66,0.1220,-0.2528,-0.1032,-0.1366,-0.0468,0.0199,,42.45,37.46,50.84,42.00,Quarterly,0.0477,-0.1461,0.1976,-0.96,-8.10,14.98,0.00,0.00,Dec-02-2024,32.1100,Commodities Specified,Commodities/Precious Metals/Gold,US Fund Commodities Focused,"Simplify Exchange Traded Funds - Simplify Gold Strategy ETF is an exchange traded fund launched and managed by Simplify Asset Management Inc. The fund invests in public equity fixed income commodity and currency markets. For its equity portion the fund invests through derivatives and through other funds in stocks of companies operating across diversified sectors. It uses derivatives such as futures options to create its portfolio. The fund invests in growth and value stocks of companies across diversified market capitalization. For its fixed income portion it invests directly through derivatives and through other funds in fixed income securities of any maturity or credit quality including cash and cash-like instruments or high-quality short term fixed income securities. For its currency portion it invests through derivatives in currencies. For its commodity portion the fund seeks to invest in gold futures. It invests in gold futures through its wholly owned Cayman Islands subsidiary. Simplify Exchange Traded Funds - Simplify Gold Strategy ETF was formed on December 02 2024 and is domiciled in the United States.",0.8652,1.0455
CRDT,Simplify Opportunistic ETF,35.92,23.1754,0.0612,0.04,0.0092,0.0342,0.0686,0.0122,0.0031,0.0073,,15.10,13.09,12.03,9.61,Quarterly,0.3371,-0.0117,0.0356,-1.15,-1.74,-32.40,0.00,0.00,Jun-26-2023,23.3650,US Fixed Income,Fixed Income/Broad Debt/Strategy,US Fund Multisector Bond,"Simplify Exchange Traded Funds - Simplify Opportunistic Income ETF is an exchange traded fund launched and managed by Simplify Asset Management Inc. The fund invests in the fixed income markets of global region. The fund invests directly and through derivatives in fixed income securities. It primarily invests in investment grade and high yield (“junk”) corporate bonds and preferred stock bonds issued by the U.S. Treasury and bank loans. The fund seeks to invest in securities of any maturity.​ The fund employs fundamental analysis with bottom-up securities picking approach to create its portfolio. Simplify Exchange Traded Funds - Simplify Opportunistic Income ETF was formed on June 26 2023 and is domiciled in the United States.",0.8836,1.2134
SDMF,Simplify Exchange Traded Funds - Simplify DBI CTA MF Index ETF,30.94,25.2564,0.0040,-0.67,,,0.0205,-0.0276,-0.0211,-0.0061,,10.86,9.97,13.01,13.01,Quarterly,0.9628,-0.0319,0.0585,5.14,26.10,26.73,0.00,0.00,Feb-17-2026,25.1097,Alternative Miscellaneous,Multi Asset/Asset Allocation/Absolute Returns,US Fund Managed Futures,"Simplify Exchange Traded Funds - Simplify DBI CTA MF Index ETF is an exchange traded fund launched and managed by Simplify Asset Management Inc. It invests in  fixed income commodity  markets. For its fixed income portion U.S. Government securities such as bills notes and bonds issued by the U.S. Treasury. For its commodity portion energy metals and agricultural foodstuffs. The fund uses derivatives such as futures to create its portfolio. The fund seeks to track the performance of the DBI CTA MF Index. Simplify Exchange Traded Funds - Simplify DBI CTA MF Index ETF is domiciled in the United States.",,
MAXI,Simplify Bitcoin Income ETF,23.57,8.3862,0.6980,0.58,-0.6357,-0.4045,-0.1116,-0.2138,-0.0485,0.0067,,43.11,46.99,62.52,64.98,Monthly,0.4097,-0.1871,0.3186,-1.26,-3.01,28.00,0.00,0.00,Sep-29-2022,8.4311,Alternative Miscellaneous,Multi Asset/Alternative Currency/Cryptocurrency,US Fund Digital Assets,"Simplify Exchange Traded Funds - Simplify Bitcoin Strategy ETF is an exchange traded fund launched and managed by Simplify Asset Management Inc. It invests in fixed income and currency markets of the United States. The fund invests directly through derivatives and through other funds to create its portfolio. It uses derivatives such as futures swaps and options to create its portfolio. For its fixed income portion the fund invests in U.S. Treasury securities and unaffiliated ETFs that investment primarily in U.S. Treasury securities. For its currency portion it invests directly through derivatives and through other funds in bitcoin. It invests in currency swaps option and futures contracts through its wholly-owned Cayman Islands subsidiary. The fund seeks to benchmark the performance of its portfolio against the S&P 500 Index and the Nasdaq Bitcoin Reference Price Index(USD). Simplify Exchange Traded Funds - Simplify Bitcoin Strategy ETF was formed on September 29 2022 and is domiciled in the United States.",-19.2589,
TESL,Simplify Volt TSLA ETF,16.61,14.7605,0.5170,0.39,-0.1341,-0.1853,0.0891,-0.1583,-0.0791,0.0148,0.8308,51.71,66.39,53.35,53.17,Quarterly,0.4271,-0.1817,0.2603,-1.63,-2.17,-2.75,-0.74,-0.74,Dec-28-2020,14.9321,US Equity Large Cap Growth,Equity/Strategy/Single Stock,US Fund Large Growth,"Simplify Exchange Traded Funds - Simplify Volt TSLA Revolution ETF is an exchange traded fund launched and managed by Simplify Asset Management Inc. It is co-managed by Volt Equity LLC. The fund invests in public equity markets of global region. It invests directly and through derivatives in stocks of companies operating across robocar disruption and technology sectors which includes development of new products or services technological improvements and advancements in scientific research related to among other things disruptive innovation in autonomous transportation companies electric energy companies or artificial intelligence companies sectors. The fund uses derivatives such as options to create its portfolio. The fund invests in growth and value stocks of companies across diversified market capitalization. It employs internal and external research to create its portfolio. Simplify Exchange Traded Funds - Simplify Volt TSLA Revolution ETF was formed on December 28 2020 and is domiciled in the United States.",0.7815,3.1738
CAS,Simplify Exchange Traded Funds - Simplify China A Shares PLUS Income ETF,13.58,28.5869,0.4532,5.22,0.4831,0.1479,0.1816,0.0097,-0.0108,-0.0159,,26.48,24.03,23.47,23.61,Quarterly,0.6291,0.0248,0.0789,0.00,2.10,2.72,0.00,0.00,Jan-13-2025,28.1331,Greater China Equity,Equity/Broad Equity/Strategy,US Fund China Region,"Simplify Exchange Traded Funds - Simplify China A Shares PLUS Income ETF is an exchange traded fund launched and managed by Simplify Asset Management Inc. The fund invests in public equity fixed income and currency markets of China. For its equity portion the fund invests directly through derivatives and through other funds in stocks of companies operating across diversified sectors. It uses derivatives such as futures swaps options to create its portfolio. The fund invests in growth and value stocks of companies across diversified market capitalization. For its fixed income portion it invests directly through derivatives and through other funds in fixed income securities including cash and cash-like instruments or high-quality short term fixed income securities. For its currency portion it invests through derivatives in currencies. Simplify Exchange Traded Funds - Simplify China A Shares PLUS Income ETF was formed on January 13 2025 and is domiciled in the United States.",1.3102,1.0733
IOPP,Simplify Tara India ETF,7.14,25.9670,0.0039,-0.04,-0.0568,-0.0390,0.1028,0.0336,-0.0009,0.0016,,16.96,21.53,20.84,17.30,Quarterly,0.2707,0.0216,0.1115,0.00,-1.21,-1.21,0.00,0.00,Mar-04-2024,25.8756,India Equity,Equity/Broad Equity/Strategy,US Fund India Equity,"Simplify Exchange Traded Funds - Simplify Tara India Opportunities ETF is an exchange traded fund launched and managed by Simplify Asset Management Inc. The fund is co-managed by System 2 Advisors L.P. It invests in public equity markets of India. The fund invests directly in stocks of companies operating across diversified sectors. It invests in growth and value stocks of companies across diversified market capitalization. It employs fundamental analysis with bottom-up stock picking approach to create its portfolio. Simplify Exchange Traded Funds - Simplify Tara India Opportunities ETF  was formed on March 4 2024 and is domiciled in the United States.",0.2074,1.1233
LITL,Simplify Exchange Traded Funds - Simplify Piper Sandler US Small-Cap PLUS Income ETF,6.69,33.4632,0.0175,3.40,0.2683,0.1360,0.1885,0.0764,0.0337,0.0139,,13.96,16.56,17.61,18.70,Quarterly,0.6956,0.0756,0.0640,0.79,0.81,2.22,0.00,0.00,Apr-28-2025,33.9300,US Equity Small Cap,Equity/Size and Style/Small Cap,US Fund Small Blend,"Simplify Exchange Traded Funds - Simplify Piper Sandler US Small-Cap PLUS Income ETF is an exchange traded fund launched and managed by Simplify Asset Management Inc. The fund is co-managed by Piper Sandler & Co. It invests in public equity fixed income markets commodity and currency markets of the United States. For its equity portion it invests directly and through derivatives in stocks of companies operating across diversified sectors. The fund uses derivatives such as options to create its portfolio. It invests in growth and value stocks of small-cap companies within the market capitalization range of the Russell 2000 Index. For its fixed income portion it invests directly through derivatives in cash and cash-like instruments or high-quality short term fixed income securities. For its commodity portion it invests through derivatives in commodity markets. For its currency portion it invests through derivatives in currency markets. The fund employs proprietary research to create its portfolio. Simplify Exchange Traded Funds - Simplify Piper Sandler US Small-Cap PLUS Income ETF was formed on April 28 2025 and is domiciled in the United States.",0.7549,0.7619
PCR,Simplify Exchange Traded Funds - Simplify VettaFi Private Credit Strategy ETF,2.38,19.0556,0.0900,-1.53,,-0.1130,0.0256,-0.0205,0.0096,0.0107,,16.09,17.78,20.08,18.60,Monthly,0.5106,-0.0234,0.1522,0.00,0.50,0.50,0.00,0.00,Sep-22-2025,19.2120,US Fixed Income,Fixed Income/Sector/Financials,US Fund Nontraditional Bond,"Simplify Exchange Traded Funds - Simplify VettaFi Private Credit Strategy ETF is an exchange traded fund launched and managed by Simplify Asset Management Inc. It invests in fixed income markets of the United States. The fund invests through index and through derivatives  in the securities. It uses derivatives such as swaps to create its portfolio. The fund invests in within the market capitalization range of the VettaFi Private Credit Index. It primarily invests in private credit  assets investment grade debt and high yield debt. The fund employs  representative sampling technique to create it's portfolio. Simplify Exchange Traded Funds - Simplify VettaFi Private Credit Strategy ETF was formed on September 22 2025 and is domiciled in the United States.",,
Average  ,-,347.47,29.4115,0.1033,0.88,0.0483,-0.0137,0.0365,-0.0272,-0.0107,0.0012,0.7433,16.42,17.39,17.81,17.32,-,0.4601,-0.0265,0.0956,7.56,22.69,179.19,6.99,2.47,-,29.3893,-,-,-,-,0.3037,1.2185
Median  ,-,77.80,25.8220,0.0591,0.55,0.0801,0.0193,0.0287,0.0013,-0.0051,0.0004,0.8308,15.18,13.66,14.10,14.20,-,0.4794,-0.0040,0.0749,0.00,0.25,23.25,0.00,0.00,-,25.6025,-,-,-,-,0.7682,1.1233
Max  ,-,5002.04,100.0208,0.6980,5.22,0.4831,0.1479,0.1906,0.0764,0.0617,0.0276,1.1633,51.71,66.39,62.52,64.98,-,0.9636,0.0756,0.3186,118.66,289.33,4993.76,96.41,35.62,-,100.0400,-,-,-,-,5.6134,9.2845
Min  ,-,2.38,8.3862,0.0039,-1.80,-0.6357,-0.4045,-0.1919,-0.2246,-0.0791,-0.0269,0.3425,0.16,0.26,0.26,0.27,-,-0.5519,-0.1871,0.0000,-33.12,-143.61,-284.22,-8.48,-2.63,-,8.4311,-,-,-,-,-19.2589,-11.5400